title,brand,price,rating,total reviews,stock,link
HEAD Ti. Conquest Tennis Racket - Pre-Strung Head Light Balance 27 Inch Racquet - 4 3/8 in Grip,Head,38.25,4.3,277,In Stock,https://amazon.ca/HEAD-Ti-Conquest-Tennis-Racket/dp/B095RQ6FWR/ref=sr_1_1?keywords=tennis+racket&qid=1687976064&refinements=p_89%3ABabolat%7CHEAD%7CWilson%7CYONEX&rnid=7590290011&s=sports&sr=1-1
"Head Tour Pro Tennis Racket - Pre-Strung Head Light Balance 27 Inch Racquet - 4 3/8 in Grip, Yellow",Head,49.99,4.,107,In Stock,https://amazon.ca/HEAD-Tour-Pro-Tennis-Racket/dp/B09MWPHMC4/ref=sr_1_2?keywords=tennis+racket&qid=1687976064&refinements=p_89%3ABabolat%7CHEAD%7CWilson%7CYONEX&rnid=7590290011&s=sports&sr=1-2
"Wilson Tour Slam Red/Black, 4 3/8""",Wilson,49.99,4.7,"1,344",In Stock,https://amazon.ca/Wilson-Tour-Slam-Red-Black/dp/B01MXXJS0E/ref=sr_1_3?keywords=tennis+racket&qid=1687976064&refinements=p_89%3ABabolat%7CHEAD%7CWilson%7CYONEX&rnid=7590290011&s=sports&sr=1-3
HEAD Ti. Conquest Tennis Racket - Pre-Strung Head Light Balance 27 Inch Racquet - 4 1/2 in Grip,Head,0,4.,294,In Stock,https://amazon.ca/HEAD-Ti-Conquest-Tennis-Racket/dp/B095RYQ9KC/ref=sr_1_4?keywords=tennis+racket&qid=1687976064&refinements=p_89%3ABabolat%7CHEAD%7CWilson%7CYONEX&rnid=7590290011&s=sports&sr=1-4
"Wilson Tour Slam Strung Tennis Racquet, 4 1/2-Inch, Black/Green",Wilson,0,4.6,761,In Stock,https://amazon.ca/Wilson-Strung-Tennis-Racquet-2-Inch/dp/B00TQKBPV8/ref=sr_1_5?keywords=tennis+racket&qid=1687976064&refinements=p_89%3ABabolat%7CHEAD%7CWilson%7CYONEX&rnid=7590290011&s=sports&sr=1-5
Wilson Federer Adult Tennis Racket,Wilson,97.88,4.,"3,389",Only 1 left in stock.,https://amazon.ca/Wilson-WRT30400U3-Federer-Tennis-Rackets/dp/B01AWLHRSO/ref=sr_1_6?keywords=tennis+racket&qid=1687976064&refinements=p_89%3ABabolat%7CHEAD%7CWilson%7CYONEX&rnid=7590290011&s=sports&sr=1-6
Wilson Tour Slam Lite Tennis Racket,Wilson,62.99,4.4,"2,897",In Stock,https://amazon.ca/Wilson-Tour-Slam-Tennis-Racket/dp/B01C2MTHVG/ref=sr_1_7?keywords=tennis+racket&qid=1687976064&refinements=p_89%3ABabolat%7CHEAD%7CWilson%7CYONEX&rnid=7590290011&s=sports&sr=1-7
HEAD Ti. Conquest Tennis Racket - Pre-Strung Head Light Balance 27 Inch Racquet - 4 1/4 in Grip,Head,51.78,4.4,437,In Stock,https://amazon.ca/HEAD-Ti-Conquest-Tennis-Racket/dp/B095RKT7V7/ref=sr_1_8?keywords=tennis+racket&qid=1687976064&refinements=p_89%3ABabolat%7CHEAD%7CWilson%7CYONEX&rnid=7590290011&s=sports&sr=1-8
Wilson Aggressor 112 Tennis Racquet (Strung),Wilson,39.95,,7,,https://amazon.ca/Wilson-Aggressor-Tennis-Racquet-Strung/dp/B0C2DLPH6Q/ref=sr_1_9?keywords=tennis+racket&qid=1687976064&refinements=p_89%3ABabolat%7CHEAD%7CWilson%7CYONEX&rnid=7590290011&s=sports&sr=1-9
Wilson Sporting Goods Essence Adult Strung Tennis Racket Without Cover,Wilson,49.95,4.,14,In Stock,https://amazon.ca/Wilson-Essence-Strung-Tennis-Racket/dp/B00AY6D4EY/ref=sr_1_10?keywords=tennis+racket&qid=1687976064&refinements=p_89%3ABabolat%7CHEAD%7CWilson%7CYONEX&rnid=7590290011&s=sports&sr=1-10
"HEAD Ti. Instinct Comp Tennis Racket - Pre-Strung Light Balance 27 Inch Racquet - 4 1/4 in Grip, Blue",Head,91.71,4.6,67,In Stock,https://amazon.ca/HEAD-Instinct-Comp-Tennis-Racket/dp/B09MX7VC5P/ref=sr_1_11?keywords=tennis+racket&qid=1687976064&refinements=p_89%3ABabolat%7CHEAD%7CWilson%7CYONEX&rnid=7590290011&s=sports&sr=1-11
HEAD Geo Speed Adult Tennis Racket - Pre-Strung Head Light Balance 27.5 Inch Racquet,Head,77.84,4.6,281,In Stock,https://amazon.ca/HEAD-Geo-Speed-Tennis-Racquet/dp/B08D6X7583/ref=sr_1_12?keywords=tennis+racket&qid=1687976064&refinements=p_89%3ABabolat%7CHEAD%7CWilson%7CYONEX&rnid=7590290011&s=sports&sr=1-12
"Wilson Pro Staff Team V13 Adult Performance Tennis Racket - Grip Size 2-4 1/4""",Wilson,146.62,4.,59,,https://amazon.ca/Wilson-Sporting-Goods-WR068710U2-Staff/dp/B08LYXTSLD/ref=sr_1_13?keywords=tennis+racket&qid=1687976064&refinements=p_89%3ABabolat%7CHEAD%7CWilson%7CYONEX&rnid=7590290011&s=sports&sr=1-13
HEAD Metallix Attitude Pro White Tennis Racket - Pre-Strung Adult Tennis Racquet for Control and Maneuverability,Head,93.05,4.4,46,In Stock,https://amazon.ca/HEAD-Metallix-Attitude-Tennis-Racket/dp/B08X6S9WCZ/ref=sr_1_14?keywords=tennis+racket&qid=1687976064&refinements=p_89%3ABabolat%7CHEAD%7CWilson%7CYONEX&rnid=7590290011&s=sports&sr=1-14
Wilson U.S.Open Junior Tennis Racquet,Wilson,42.7,4.6,"1,398",,https://amazon.ca/US-Open-25-Tennis-Racket/dp/B07MTPK5Z5/ref=sr_1_15?keywords=tennis+racket&qid=1687976064&refinements=p_89%3ABabolat%7CHEAD%7CWilson%7CYONEX&rnid=7590290011&s=sports&sr=1-15
HEAD Ti.S6 Tennis Racquet - Strung,Head,169.95,4.6,"1,567",In Stock,https://amazon.ca/HEAD-Ti-S6-Strung-Tennis-Racquet/dp/B000OQBPQ8/ref=sr_1_16?keywords=tennis+racket&qid=1687976064&refinements=p_89%3ABabolat%7CHEAD%7CWilson%7CYONEX&rnid=7590290011&s=sports&sr=1-16
HEAD Metallix Attitude Pro White Tennis Racket - Pre-Strung Adult Tennis Racquet for Control and Maneuverability,Head,97.17,,42,,https://amazon.ca/HEAD-Metallix-Attitude-Tennis-Racket/dp/B08X5ZRBS3/ref=sr_1_17?keywords=tennis+racket&qid=1687976064&refinements=p_89%3ABabolat%7CHEAD%7CWilson%7CYONEX&rnid=7590290011&s=sports&sr=1-17
"WILSON Blade Team V7 Adult Performance Tennis Racket - Grip Size 3-4 3/8"", Green",Wilson,89.41,4.7,54,,https://amazon.ca/Wilson-Blade-Team-Tennis-Racquet/dp/B084RT7BLN/ref=sr_1_18?keywords=tennis+racket&qid=1687976064&refinements=p_89%3ABabolat%7CHEAD%7CWilson%7CYONEX&rnid=7590290011&s=sports&sr=1-18
"Triumph Tennis Racket 4 1/8""",Other Brand,49.95,,2,In Stock,https://amazon.ca/Wilson-Sporting-Goods-WRT30090U1-Triumph/dp/B07P7WYBM4/ref=sr_1_19?keywords=tennis+racket&qid=1687976064&refinements=p_89%3ABabolat%7CHEAD%7CWilson%7CYONEX&rnid=7590290011&s=sports&sr=1-19
Head Metallix Attitude Elite Blue Tennis Racket - Pre-Strung Adult Tennis Racquet Lightweight - Midplus Headsize for Blend of Power and Control,Head,76.15,4.7,45,In Stock,https://amazon.ca/HEAD-Metallix-Attitude-Tennis-Racket/dp/B08X6611JJ/ref=sr_1_20?keywords=tennis+racket&qid=1687976064&refinements=p_89%3ABabolat%7CHEAD%7CWilson%7CYONEX&rnid=7590290011&s=sports&sr=1-20
"HEAD Ti. Conquest Tennis Racket - Pre-Strung Head Light Balance 27 Inch Racquet - 4 3/8 in Grip, Dark Blue",Head,43.72,4.,183,In Stock,https://amazon.ca/HEAD-Ti-Conquest-Tennis-Racquet/dp/B08D6Y4MWX/ref=sr_1_21?keywords=tennis+racket&qid=1687976064&refinements=p_89%3ABabolat%7CHEAD%7CWilson%7CYONEX&rnid=7590290011&s=sports&sr=1-21
Wilson Roland Garros Triumph Tennis Racquet (Strung),Wilson,99.95,4.3,37,,https://amazon.ca/Wilson-Roland-Garros-Triumph-WR066510U4/dp/B08SWRVHBP/ref=sr_1_22?keywords=tennis+racket&qid=1687976064&refinements=p_89%3ABabolat%7CHEAD%7CWilson%7CYONEX&rnid=7590290011&s=sports&sr=1-22
WILSON Adult Performance Tennis Racket,Wilson,131.31,4.,223,,https://amazon.ca/Wilson-Sporting-Goods-Staff-Team/dp/B08SMN19C4/ref=sr_1_23?keywords=tennis+racket&qid=1687976064&refinements=p_89%3ABabolat%7CHEAD%7CWilson%7CYONEX&rnid=7590290011&s=sports&sr=1-23
Wilson Pro Staff Precision XL 110 Tennis Racquet (Pre-Strung),Wilson,60.22,4.,79,In Stock,https://amazon.ca/Wilson-Staff-Precision-Tennis-Racket/dp/B085TCDTVR/ref=sr_1_24?keywords=tennis+racket&qid=1687976064&refinements=p_89%3ABabolat%7CHEAD%7CWilson%7CYONEX&rnid=7590290011&s=sports&sr=1-24
Wilson Hyper Hammer 5.3 Strung Tennis Racket,Wilson,125.73,4.6,"1,447",,https://amazon.ca/Wilson-Hammer-Strung-Tennis-Racket/dp/B007ATJ5D2/ref=sr_1_25?keywords=tennis+racket&qid=1687976065&refinements=p_89%3ABabolat%7CHEAD%7CWilson%7CYONEX&rnid=7590290011&s=sports&sr=1-25
WILSON Adult Recreational Rackts Tennis',Wilson,0,4.,64,,https://amazon.ca/Wilson-Sporting-Goods-WRT30090U2-Triumph/dp/B07MTJYX2Z/ref=sr_1_26?keywords=tennis+racket&qid=1687976065&refinements=p_89%3ABabolat%7CHEAD%7CWilson%7CYONEX&rnid=7590290011&s=sports&sr=1-26
Wilson Pro Staff Precision XL 110 Tennis Racquet (Pre-Strung),Wilson,60.22,4.,79,In Stock,https://amazon.ca/Wilson-Staff-Precision-Tennis-Racket/dp/B085TCDTVR/ref=sr_1_27?keywords=tennis+racket&qid=1687976065&refinements=p_89%3ABabolat%7CHEAD%7CWilson%7CYONEX&rnid=7590290011&s=sports&sr=1-27
HEAD Tour Pro Pre-Strung Recreational Tennis Racquet,Head,58.74,4.6,867,,https://amazon.ca/HEAD-Pre-Strung-Recreational-Tennis-Racquet/dp/B07T247Z58/ref=sr_1_28?keywords=tennis+racket&qid=1687976065&refinements=p_89%3ABabolat%7CHEAD%7CWilson%7CYONEX&rnid=7590290011&s=sports&sr=1-28
Wilson Pro Staff 97L v13 Tennis Racquet,Wilson,249.99,4.7,70,,https://amazon.ca/Wilson-Staff-Tennis-Racquet-L1-4/dp/B08GYT4WTK/ref=sr_1_29?keywords=tennis+racket&qid=1687976065&refinements=p_89%3ABabolat%7CHEAD%7CWilson%7CYONEX&rnid=7590290011&s=sports&sr=1-29
"Wilson Roland Garros Equipe HP Tennis Racket, Blue, WR066410U2",Wilson,99.95,,2,Only 8 left in stock.,https://amazon.ca/Wilson-Roland-Garros-Equipe-WR066410U2/dp/B08SWPDG1C/ref=sr_1_30?keywords=tennis+racket&qid=1687976065&refinements=p_89%3ABabolat%7CHEAD%7CWilson%7CYONEX&rnid=7590290011&s=sports&sr=1-30
Yonex Astrel 100 Tennis Racquet,Yonex,309.0,,1,,https://amazon.ca/YONEX-2020-Astrel-100-4-Grip/dp/B08C9TPX1T/ref=sr_1_31?keywords=tennis+racket&qid=1687976065&refinements=p_89%3ABabolat%7CHEAD%7CWilson%7CYONEX&rnid=7590290011&s=sports&sr=1-31
Wilson Blade 100L V8 Tennis Racquet,Wilson,289.0,4.,27,In Stock,https://amazon.ca/Wilson-Blade-100L-Tennis-Racquet/dp/B09G9VXQBV/ref=sr_1_32?keywords=tennis+racket&qid=1687976065&refinements=p_89%3ABabolat%7CHEAD%7CWilson%7CYONEX&rnid=7590290011&s=sports&sr=1-32
"HEAD Ti. Instinct Supreme Tennis Racket - Pre-Strung Light Balance 27 Inch Racquet in Purple, 4 1/4 Grip Size",Head,52.34,4.6,62,In Stock,https://amazon.ca/HEAD-Instinct-Supreme-Tennis-Racket/dp/B09MWMJVBW/ref=sr_1_33?keywords=tennis+racket&qid=1687976065&refinements=p_89%3ABabolat%7CHEAD%7CWilson%7CYONEX&rnid=7590290011&s=sports&sr=1-33
Wilson US Open Adult Strung Tennis Racket,Wilson,71.99,,253,,https://amazon.ca/Wilson-Strung-Tennis-Racquet-8-Inch/dp/B00TQKBRO8/ref=sr_1_34?keywords=tennis+racket&qid=1687976065&refinements=p_89%3ABabolat%7CHEAD%7CWilson%7CYONEX&rnid=7590290011&s=sports&sr=1-34
Babolat Evoke 105 Strung Tennis Racquet (Black/Yellow),Babolat,109.95,4.6,65,,https://amazon.ca/Babolat-Evoke-Tennis-Racquet-Grip/dp/B08Y6KV22C/ref=sr_1_35?keywords=tennis+racket&qid=1687976065&refinements=p_89%3ABabolat%7CHEAD%7CWilson%7CYONEX&rnid=7590290011&s=sports&sr=1-35
HEAD Metallix Spark Tour Stealth Tennis Racket - Pre-Strung Adult Tennis Racquet for Control,Head,108.28,4.3,20,In Stock,https://amazon.ca/HEAD-Metallix-Stealth-Tennis-Racket/dp/B08X6RGM8S/ref=sr_1_36?keywords=tennis+racket&qid=1687976065&refinements=p_89%3ABabolat%7CHEAD%7CWilson%7CYONEX&rnid=7590290011&s=sports&sr=1-36
Wilson Serena 23 Junior Tennis Racquet,Wilson,29.95,4.,41,In Stock,https://amazon.ca/Wilson-Serena-Williams-Tennis-Racquet/dp/B0845YWP86/ref=sr_1_37?keywords=tennis+racket&qid=1687976065&refinements=p_89%3ABabolat%7CHEAD%7CWilson%7CYONEX&rnid=7590290011&s=sports&sr=1-37
"HEAD Ti. Radical Elite Tennis Racket - Pre-Strung Light Balance 27 Inch Racquet, Gray/Orange",Head,83.87,,33,In Stock,https://amazon.ca/HEAD-Radical-Elite-Tennis-Racket/dp/B09MWNR1VG/ref=sr_1_38?keywords=tennis+racket&qid=1687976065&refinements=p_89%3ABabolat%7CHEAD%7CWilson%7CYONEX&rnid=7590290011&s=sports&sr=1-38
Head Speed PRO Tennis Racquet (2022),Head,249.0,,10,,https://amazon.ca/HEAD-Performance-Tennis-Racquet-Tension/dp/B09TQ87ZMM/ref=sr_1_39?keywords=tennis+racket&qid=1687976065&refinements=p_89%3ABabolat%7CHEAD%7CWilson%7CYONEX&rnid=7590290011&s=sports&sr=1-39
"WILSON Blade 98L V6 Adult Performance Tennis Racket - Grip Size 3-4 3/8"", Black/Green",Wilson,236.28,4.3,7,In Stock,https://amazon.ca/Wilson-Blade-98L-Tennis-Racket/dp/B08V8GJ5Y2/ref=sr_1_40?keywords=tennis+racket&qid=1687976065&refinements=p_89%3ABabolat%7CHEAD%7CWilson%7CYONEX&rnid=7590290011&s=sports&sr=1-40
HEAD Graphene XT Radical S Tennis Racket - Pre-Strung 27 Inch Graphite Racquet,Head,158.43,4.7,195,In Stock,https://amazon.ca/Graphene-Radical-Tennis-Racket-Size/dp/B0182D3IRS/ref=sr_1_41?keywords=tennis+racket&qid=1687976065&refinements=p_89%3ABabolat%7CHEAD%7CWilson%7CYONEX&rnid=7590290011&s=sports&sr=1-41
Head Graphene Extreme MP Tennis Racquet,Head,169.44,4.6,139,In Stock,https://amazon.ca/Graphene-Extreme-Classic-Tennis-Racquet/dp/B077BTX3DK/ref=sr_1_42?keywords=tennis+racket&qid=1687976065&refinements=p_89%3ABabolat%7CHEAD%7CWilson%7CYONEX&rnid=7590290011&s=sports&sr=1-42
Head Graphene Touch Speed Adaptive Tennis Racquet,Head,169.95,4.6,8,,https://amazon.ca/HEAD-Graphene-Adaptive-Tennis-Racquet/dp/B01MR544LG/ref=sr_1_43?keywords=tennis+racket&qid=1687976065&refinements=p_89%3ABabolat%7CHEAD%7CWilson%7CYONEX&rnid=7590290011&s=sports&sr=1-43
Wilson Unisex-Adult Ultra Power 100 Tennis Racket Black/Blue Grip 3,Wilson,129.95,,6,,https://amazon.ca/Wilson-Unisex-Adult-Ultra-Tennis-Racket/dp/B07Z4TVHQ8/ref=sr_1_44?keywords=tennis+racket&qid=1687976065&refinements=p_89%3ABabolat%7CHEAD%7CWilson%7CYONEX&rnid=7590290011&s=sports&sr=1-44
Head Graphene 360+ Instinct LITE Tennis Racquet - Strung,Head,159.95,4.3,24,In Stock,https://amazon.ca/HEAD-Graphene-Instinct-Racquet-Performance/dp/B08GQ9T48P/ref=sr_1_45?keywords=tennis+racket&qid=1687976065&refinements=p_89%3ABabolat%7CHEAD%7CWilson%7CYONEX&rnid=7590290011&s=sports&sr=1-45
Head Graphene 360+ Instinct MP Tennis Racquet,Head,169.95,4.7,41,In Stock,https://amazon.ca/HEAD-Graphene-Instinct-Racquet-Performance/dp/B08GQCG8DT/ref=sr_1_46?keywords=tennis+racket&qid=1687976065&refinements=p_89%3ABabolat%7CHEAD%7CWilson%7CYONEX&rnid=7590290011&s=sports&sr=1-46
Head Graphene XT Speed MP Tennis Racket,Head,160.55,4.7,199,In Stock,https://amazon.ca/HEAD-0726423967187-GRAPHENEXT-Speed-Natural/dp/B00PJ6O2CW/ref=sr_1_47?keywords=tennis+racket&qid=1687976065&refinements=p_89%3ABabolat%7CHEAD%7CWilson%7CYONEX&rnid=7590290011&s=sports&sr=1-47
Wilson Unisex-Adult PRO Staff Precision 103 Tennis Racket Black/White Grip 3,Wilson,0,4.4,11,,https://amazon.ca/Wilson-Unisex-Adult-Precision-Tennis-Racket/dp/B07Z4SM1V7/ref=sr_1_48?keywords=tennis+racket&qid=1687976065&refinements=p_89%3ABabolat%7CHEAD%7CWilson%7CYONEX&rnid=7590290011&s=sports&sr=1-48
Head Graphene XT Speed MP Tennis Racket,Head,160.55,4.7,199,In Stock,https://amazon.ca/HEAD-0726423967187-GRAPHENEXT-Speed-Natural/dp/B00PJ6O2CW/ref=sr_1_49?keywords=tennis+racket&qid=1687976066&refinements=p_89%3ABabolat%7CHEAD%7CWilson%7CYONEX&rnid=7590290011&s=sports&sr=1-49
Head Graphene Touch Speed Adaptive Tennis Racquet,Head,169.95,4.6,8,,https://amazon.ca/HEAD-Graphene-Adaptive-Tennis-Racquet/dp/B01MR544LG/ref=sr_1_50?keywords=tennis+racket&qid=1687976066&refinements=p_89%3ABabolat%7CHEAD%7CWilson%7CYONEX&rnid=7590290011&s=sports&sr=1-50
Wilson Serena 19-Inch Junior Tennis Racquet for Kids 2 to 4 Years Old,Wilson,29.95,,2,In Stock,https://amazon.ca/Wilson-Serena-19-Inch-Junior-Racquet/dp/B08463J2DC/ref=sr_1_51?keywords=tennis+racket&qid=1687976066&refinements=p_89%3ABabolat%7CHEAD%7CWilson%7CYONEX&rnid=7590290011&s=sports&sr=1-51
HEAD Ti S6 Tennis Racket - Pre-Strung Head Heavy Balance 27.75 Inch Racquet,Head,169.95,4.7,"1,016",,https://amazon.ca/HEAD-Ti-S6-Strung-Tennis-Racquet/dp/B00PETDZ4K/ref=sr_1_52?keywords=tennis+racket&qid=1687976066&refinements=p_89%3ABabolat%7CHEAD%7CWilson%7CYONEX&rnid=7590290011&s=sports&sr=1-52
HEAD Tennis Racquet Cover Bag - Lightweight Padded Racket Carrying Bag w/Adjustable Shoulder Strap,Head,19.95,4.6,"3,173",In Stock,https://amazon.ca/HEAD-Full-Tennis-Racquet-Cover/dp/B003PVAX9O/ref=sr_1_53?keywords=tennis+racket&qid=1687976066&refinements=p_89%3ABabolat%7CHEAD%7CWilson%7CYONEX&rnid=7590290011&s=sports&sr=1-53
Head Graphene 360+ Instinct MP Tennis Racquet,Head,169.95,4.7,41,In Stock,https://amazon.ca/HEAD-Graphene-Instinct-Racquet-Performance/dp/B08GQCG8DT/ref=sr_1_54?keywords=tennis+racket&qid=1687976066&refinements=p_89%3ABabolat%7CHEAD%7CWilson%7CYONEX&rnid=7590290011&s=sports&sr=1-54
Wilson Roger Federer 21 Junior Tennis Racquet,Wilson,54.62,,25,,https://amazon.ca/Wilson-Federer-Junior-Tennis-Racquet/dp/B0892QDYB1/ref=sr_1_55?keywords=tennis+racket&qid=1687976066&refinements=p_89%3ABabolat%7CHEAD%7CWilson%7CYONEX&rnid=7590290011&s=sports&sr=1-55
"Wilson Unisex-Youth Roger Federer Tennis Racket, Black/Red, 25",Wilson,44.95,4.,32,In Stock,https://amazon.ca/Wilson-Federer-Junior-Tennis-Racquet/dp/B082XKWV38/ref=sr_1_56?keywords=tennis+racket&qid=1687976066&refinements=p_89%3ABabolat%7CHEAD%7CWilson%7CYONEX&rnid=7590290011&s=sports&sr=1-56
Wilson WRT31090U2 Triumph Tennis Rackets,Wilson,0,4.6,119,,https://amazon.ca/Wilson-WRT31090U2-Triumph-Tennis-Rackets/dp/B06XTZ1ZPL/ref=sr_1_57?keywords=tennis+racket&qid=1687976066&refinements=p_89%3ABabolat%7CHEAD%7CWilson%7CYONEX&rnid=7590290011&s=sports&sr=1-57
Head Metallix Spark Tour Stealth Tennis Racket - Pre-Strung Adult Tennis Racquet for Control,Head,103.47,,64,,https://amazon.ca/HEAD-Metallix-Stealth-Tennis-Racket/dp/B08X71XP6K/ref=sr_1_58?keywords=tennis+racket&qid=1687976066&refinements=p_89%3ABabolat%7CHEAD%7CWilson%7CYONEX&rnid=7590290011&s=sports&sr=1-58
Babolat Pure Drive Tennis Racquet (10th Gen) - Strung with 16g White Babolat Syn Gut at Mid-Range Tension,Babolat,309.99,4.,287,In Stock,https://amazon.ca/Babolat-Pure-Drive-Tennis-Racquet/dp/B08F7JNYZJ/ref=sr_1_59?keywords=tennis+racket&qid=1687976066&refinements=p_89%3ABabolat%7CHEAD%7CWilson%7CYONEX&rnid=7590290011&s=sports&sr=1-59
HEAD Graphene XT Radical MP Tennis Racquet - Pre-Strung 27 Inch Intermediate Adult Racket - 4 1/2 Grip,Head,203.4,,34,,https://amazon.ca/HEAD-0726424221851-Graphene-XT-RADICA/dp/B01B8DB6A0/ref=sr_1_60?keywords=tennis+racket&qid=1687976066&refinements=p_89%3ABabolat%7CHEAD%7CWilson%7CYONEX&rnid=7590290011&s=sports&sr=1-60
Head MX Spark Pro Tennis Racquet (Pre-Strung),Head,79.95,,7,Only 3 left in stock.,https://amazon.ca/HEAD-Spark-Tennis-Racket-Black/dp/B09SD5GZVS/ref=sr_1_61?keywords=tennis+racket&qid=1687976066&refinements=p_89%3ABabolat%7CHEAD%7CWilson%7CYONEX&rnid=7590290011&s=sports&sr=1-61
Wilson Federer Control 103 Tennis Racquet Bundled with an Advantage II Tennis Bag in Your Choice of Colors (Incredible Feel and Control),Wilson,162.62,4.,123,,https://amazon.ca/Federer-Precision-Racquet-Advantage-Incredible/dp/B08885NYRC/ref=sr_1_62?keywords=tennis+racket&qid=1687976066&refinements=p_89%3ABabolat%7CHEAD%7CWilson%7CYONEX&rnid=7590290011&s=sports&sr=1-62
Head Graphene 360+ Extreme S Tennis Racquet,Head,149.95,4.6,36,,https://amazon.ca/HEAD-Graphene-Extreme-Tennis-Racquet/dp/B08D7249Z2/ref=sr_1_63?keywords=tennis+racket&qid=1687976066&refinements=p_89%3ABabolat%7CHEAD%7CWilson%7CYONEX&rnid=7590290011&s=sports&sr=1-63
"HEAD Ti. Reward Tennis Racket - Pre-Strung, HEAD Light Balance, 27 Inch Standard Length",Head,53.75,,,,https://amazon.ca/HEAD-Ti-Reward-Tennis-Racket/dp/B0B6LBHYJX/ref=sr_1_64?keywords=tennis+racket&qid=1687976066&refinements=p_89%3ABabolat%7CHEAD%7CWilson%7CYONEX&rnid=7590290011&s=sports&sr=1-64
"Wilson Pro Tennis Racquet Over Grip, Pack of 3",Wilson,16.69,4.,"5,204",In Stock,https://amazon.ca/Wilson-WRZ4014WH-Overgrip-Racquet-Grips-White/dp/B00GKQFVHK/ref=sr_1_65?keywords=tennis+racket&qid=1687976066&refinements=p_89%3ABabolat%7CHEAD%7CWilson%7CYONEX&rnid=7590290011&s=sports&sr=1-65
Yonex EZONE Game Tennis Racquet (Blue) Prestrung,Yonex,169.95,4.6,3,Only 8 left in stock.,https://amazon.ca/Yonex-EZONE-Tennis-Racquet-Prestrung/dp/B09HF69F92/ref=sr_1_66?keywords=tennis+racket&qid=1687976066&refinements=p_89%3ABabolat%7CHEAD%7CWilson%7CYONEX&rnid=7590290011&s=sports&sr=1-66
Wilson US Open Tennis Racket,Wilson,0,4.3,39,,https://amazon.ca/Wilson-Electronics-WRT30560U3-Open-Tns/dp/B07MTN8KV1/ref=sr_1_67?keywords=tennis+racket&qid=1687976066&refinements=p_89%3ABabolat%7CHEAD%7CWilson%7CYONEX&rnid=7590290011&s=sports&sr=1-67
Head Radical Jr Tennis Racquet - Beginners Pre-Strung Head Light Balance Kids Racket,Head,44.95,4.6,397,In Stock,https://amazon.ca/HEAD-Radical-Tennis-Racquet-Pre-Strung/dp/B08MN452SH/ref=sr_1_68?keywords=tennis+racket&qid=1687976066&refinements=p_89%3ABabolat%7CHEAD%7CWilson%7CYONEX&rnid=7590290011&s=sports&sr=1-68
"WILSON Minions 103 Adult Recreational Tennis Racket - Grip Size 3-4 3/8"", Yellow/Black",Wilson,136.35,,7,In Stock,https://amazon.ca/Wilson-Sporting-Goods-Minions-Yellow/dp/B08SMNRBSF/ref=sr_1_69?keywords=tennis+racket&qid=1687976066&refinements=p_89%3ABabolat%7CHEAD%7CWilson%7CYONEX&rnid=7590290011&s=sports&sr=1-69
Head Graphene XT Radical MP Tennis Racquet,Head,159.49,,76,,https://amazon.ca/HEAD-0726424221837-Graphene-XT-RADICA/dp/B01B8DB3NU/ref=sr_1_70?keywords=tennis+racket&qid=1687976066&refinements=p_89%3ABabolat%7CHEAD%7CWilson%7CYONEX&rnid=7590290011&s=sports&sr=1-70
Yonex VCORE Ace Tennis Racquet Strung (4 1/8),Yonex,109.95,4.7,5,In Stock,https://amazon.ca/YONEX-VCORE-Tennis-Racquet-Tango/dp/B08S2F9SL1/ref=sr_1_71?keywords=tennis+racket&qid=1687976066&refinements=p_89%3ABabolat%7CHEAD%7CWilson%7CYONEX&rnid=7590290011&s=sports&sr=1-71
Wilson Clash 108 Tennis Racquet,Wilson,220.0,,30,,https://amazon.ca/Wilson-Clash-108-Tennis-Racquet/dp/B07SPHB189/ref=sr_1_72?keywords=tennis+racket&qid=1687976066&refinements=p_89%3ABabolat%7CHEAD%7CWilson%7CYONEX&rnid=7590290011&s=sports&sr=1-72
Head Graphene 360+ Instinct LITE Tennis Racquet - Strung,Head,159.95,4.3,24,In Stock,https://amazon.ca/HEAD-Graphene-Instinct-Racquet-Performance/dp/B08GQ9T48P/ref=sr_1_73?keywords=tennis+racket&qid=1687976067&refinements=p_89%3ABabolat%7CHEAD%7CWilson%7CYONEX&rnid=7590290011&s=sports&sr=1-73
Head Metallix Spark Tour Stealth Tennis Racket - Pre-Strung Adult Tennis Racquet for Control,Head,103.47,,64,,https://amazon.ca/HEAD-Metallix-Stealth-Tennis-Racket/dp/B08X71XP6K/ref=sr_1_74?keywords=tennis+racket&qid=1687976067&refinements=p_89%3ABabolat%7CHEAD%7CWilson%7CYONEX&rnid=7590290011&s=sports&sr=1-74
Head Graphene XT Radical MP Tennis Racquet,Head,159.49,,76,,https://amazon.ca/HEAD-0726424221837-Graphene-XT-RADICA/dp/B01B8DB3NU/ref=sr_1_75?keywords=tennis+racket&qid=1687976067&refinements=p_89%3ABabolat%7CHEAD%7CWilson%7CYONEX&rnid=7590290011&s=sports&sr=1-75
Wilson Ultra Team v3 Tennis Racquet,Wilson,125.0,,2,,https://amazon.ca/Wilson-Sporting-Goods-Ultra-Racket/dp/B085TMZ8GK/ref=sr_1_76?keywords=tennis+racket&qid=1687976067&refinements=p_89%3ABabolat%7CHEAD%7CWilson%7CYONEX&rnid=7590290011&s=sports&sr=1-76
Babolat Pure Strike 16/19 Tennis Racquet (3rd Gen) - Strung with 16g White Babolat Syn Gut at Mid-Range Tension,Babolat,289.99,4.,180,,https://amazon.ca/Babolat-Strike-16x19-Tennis-Racquet/dp/B07WH4CKDF/ref=sr_1_77?keywords=tennis+racket&qid=1687976067&refinements=p_89%3ABabolat%7CHEAD%7CWilson%7CYONEX&rnid=7590290011&s=sports&sr=1-77
"WILSON Minions 103 Adult Recreational Tennis Racket - Grip Size 3-4 3/8"", Yellow/Black",Wilson,136.35,,7,In Stock,https://amazon.ca/Wilson-Sporting-Goods-Minions-Yellow/dp/B08SMNRBSF/ref=sr_1_78?keywords=tennis+racket&qid=1687976067&refinements=p_89%3ABabolat%7CHEAD%7CWilson%7CYONEX&rnid=7590290011&s=sports&sr=1-78
Yonex EZONE Game Tennis Racquet (Blue) Prestrung,Yonex,169.95,4.6,3,Only 8 left in stock.,https://amazon.ca/Yonex-EZONE-Tennis-Racquet-Prestrung/dp/B09HF69F92/ref=sr_1_79?keywords=tennis+racket&qid=1687976067&refinements=p_89%3ABabolat%7CHEAD%7CWilson%7CYONEX&rnid=7590290011&s=sports&sr=1-79
Wilson WRT31090U2 Triumph Tennis Rackets,Wilson,0,4.6,119,,https://amazon.ca/Wilson-WRT31090U2-Triumph-Tennis-Rackets/dp/B06XTZ1ZPL/ref=sr_1_80?keywords=tennis+racket&qid=1687976067&refinements=p_89%3ABabolat%7CHEAD%7CWilson%7CYONEX&rnid=7590290011&s=sports&sr=1-80
"Wilson Unisex-Youth Roger Federer Tennis Racket, Black/Red, 25",Wilson,44.95,4.,32,In Stock,https://amazon.ca/Wilson-Federer-Junior-Tennis-Racquet/dp/B082XKWV38/ref=sr_1_81?keywords=tennis+racket&qid=1687976067&refinements=p_89%3ABabolat%7CHEAD%7CWilson%7CYONEX&rnid=7590290011&s=sports&sr=1-81
Babolat Nadal Rafa Junior Tennis Racquets,Babolat,49.23,4.6,68,,https://amazon.ca/Babolat-Nadal-Junior-Tennis-Racquet/dp/B09B16KL9V/ref=sr_1_82?keywords=tennis+racket&qid=1687976067&refinements=p_89%3ABabolat%7CHEAD%7CWilson%7CYONEX&rnid=7590290011&s=sports&sr=1-82
Wilson Unisex-Adult PRO Staff Precision Team 100 Tennis Racket Black/White Grip 2,Wilson,64.95,4.4,37,,https://amazon.ca/Wilson-Unisex-Adult-Precision-Tennis-Racket/dp/B07Z4T1JHX/ref=sr_1_83?keywords=tennis+racket&qid=1687976067&refinements=p_89%3ABabolat%7CHEAD%7CWilson%7CYONEX&rnid=7590290011&s=sports&sr=1-83
Wilson Federer 23 Junior Recreational Tennis Racket,Wilson,63.45,,48,,https://amazon.ca/Wilson-Federer-Junior-Tennis-Racquet/dp/B0892P59GF/ref=sr_1_84?keywords=tennis+racket&qid=1687976067&refinements=p_89%3ABabolat%7CHEAD%7CWilson%7CYONEX&rnid=7590290011&s=sports&sr=1-84
Wilson Advantage Tennis Bag,Wilson,54.9,4.4,"2,865",In Stock,https://amazon.ca/Wilson-Advantage-III-Triple-Bag/dp/B01AYGLUHG/ref=sr_1_85?keywords=tennis+racket&qid=1687976067&refinements=p_89%3ABabolat%7CHEAD%7CWilson%7CYONEX&rnid=7590290011&s=sports&sr=1-85
HEAD Graphene XT Radical MP Tennis Racquet - Pre-Strung 27 Inch Intermediate Adult Racket - 4 1/2 Grip,Head,203.4,,34,,https://amazon.ca/HEAD-0726424221851-Graphene-XT-RADICA/dp/B01B8DB6A0/ref=sr_1_86?keywords=tennis+racket&qid=1687976067&refinements=p_89%3ABabolat%7CHEAD%7CWilson%7CYONEX&rnid=7590290011&s=sports&sr=1-86
"Wilson Roland Garros Elite 21 Racket, for Children Aged 5-6, Blue, WR069910H",Wilson,44.95,,8,In Stock,https://amazon.ca/Wilson-Roland-Garros-Children-WR069910H/dp/B08SWLBMSN/ref=sr_1_87?keywords=tennis+racket&qid=1687976067&refinements=p_89%3ABabolat%7CHEAD%7CWilson%7CYONEX&rnid=7590290011&s=sports&sr=1-87
Wilson Minions 2.0 Junior 23 Recreational Tennis Racket - Yellow/Blue,Wilson,44.95,,6,In Stock,https://amazon.ca/Wilson-Minions-Junior-Recreational-Tennis/dp/B09WRXCDBR/ref=sr_1_88?keywords=tennis+racket&qid=1687976067&refinements=p_89%3ABabolat%7CHEAD%7CWilson%7CYONEX&rnid=7590290011&s=sports&sr=1-88
Wilson Pro Staff 97 V13.0 Tennis Racquet,Wilson,249.99,4.7,114,,https://amazon.ca/Wilson-Staff-V13-0-Tennis-Racquet/dp/B08GYSZ94Q/ref=sr_1_89?keywords=tennis+racket&qid=1687976067&refinements=p_89%3ABabolat%7CHEAD%7CWilson%7CYONEX&rnid=7590290011&s=sports&sr=1-89
Wilson Unisex-Adult PRO Staff Precision Team 100 Tennis Racket Black/White Grip 3,Wilson,64.95,,79,In Stock,https://amazon.ca/Wilson-Unisex-Adult-Precision-Tennis-Racket/dp/B07Z4SY9QM/ref=sr_1_90?keywords=tennis+racket&qid=1687976067&refinements=p_89%3ABabolat%7CHEAD%7CWilson%7CYONEX&rnid=7590290011&s=sports&sr=1-90
YONEX EZONE ACE Deep Blue Tennis Racquet - Great Racquet for Comfort and Control,Yonex,119.95,,,In Stock,https://amazon.ca/EZONE-Deep-Blue-Tennis-Racquet/dp/B08SKQ5MM9/ref=sr_1_91?keywords=tennis+racket&qid=1687976067&refinements=p_89%3ABabolat%7CHEAD%7CWilson%7CYONEX&rnid=7590290011&s=sports&sr=1-91
Babolat Pure Drive Team Tennis Racquet (10th Gen) - Strung with 16g White Babolat Syn Gut at Mid-Range Tension,Babolat,299.99,,8,,https://amazon.ca/Babolat-Pure-Drive-Team-2021/dp/B08S6Q87GS/ref=sr_1_92?keywords=tennis+racket&qid=1687976067&refinements=p_89%3ABabolat%7CHEAD%7CWilson%7CYONEX&rnid=7590290011&s=sports&sr=1-92
Head Graphene 360+ Gravity MP Tennis Racquet (2021),Head,179.0,4.4,34,,https://amazon.ca/Head-Gravity-MP-295g-2021/dp/B08MN2DHLK/ref=sr_1_93?keywords=tennis+racket&qid=1687976067&refinements=p_89%3ABabolat%7CHEAD%7CWilson%7CYONEX&rnid=7590290011&s=sports&sr=1-93
"WILSON Minions 103 Adult Recreational Tennis Racket - Grip Size 2-4 1/4"", Yellow/Black",Wilson,165.34,,12,,https://amazon.ca/Wilson-Sporting-Goods-Minions-Yellow/dp/B08SMM5R9K/ref=sr_1_94?keywords=tennis+racket&qid=1687976067&refinements=p_89%3ABabolat%7CHEAD%7CWilson%7CYONEX&rnid=7590290011&s=sports&sr=1-94
Head Graphene 360+ Speed PWR Tennis Racquet,Head,179.95,,13,,https://amazon.ca/Head-Graphene-Speed-Tennis-Racquet/dp/B084WP6GRS/ref=sr_1_95?keywords=tennis+racket&qid=1687976067&refinements=p_89%3ABabolat%7CHEAD%7CWilson%7CYONEX&rnid=7590290011&s=sports&sr=1-95
HEAD 2022 IG Speed 23 Inch Tennis Racquet,Head,59.95,,9,In Stock,https://amazon.ca/HEAD-2022-Speed-Tennis-Racquet/dp/B09T71MTQ3/ref=sr_1_96?keywords=tennis+racket&qid=1687976067&refinements=p_89%3ABabolat%7CHEAD%7CWilson%7CYONEX&rnid=7590290011&s=sports&sr=1-96
HEAD Ti. Reward Tennis Racket - Pre-Strung Light Balance 27 Inch Racquet,Head,74.18,4.,352,In Stock,https://amazon.ca/HEAD-Ti-Reward-Tennis-Racquet-Strung/dp/B01N353ZKC/ref=sr_1_97?keywords=tennis+racket&qid=1687976068&refinements=p_89%3ABabolat%7CHEAD%7CWilson%7CYONEX&rnid=7590290011&s=sports&sr=1-97
"HEAD Coco Junior Tennis Racket, Pink, 17""",Head,52.71,,6,,https://amazon.ca/HEAD-Coco-Tennis-Racket-Pink/dp/B09SCYCR3J/ref=sr_1_98?keywords=tennis+racket&qid=1687976068&refinements=p_89%3ABabolat%7CHEAD%7CWilson%7CYONEX&rnid=7590290011&s=sports&sr=1-98
HEAD Speed MP 2022 Tennis Racquet,Head,229.0,4.7,21,,https://amazon.ca/HEAD-Performance-Tennis-Racquet-Tension/dp/B09T5SPX8W/ref=sr_1_99?keywords=tennis+racket&qid=1687976068&refinements=p_89%3ABabolat%7CHEAD%7CWilson%7CYONEX&rnid=7590290011&s=sports&sr=1-99
Wilson Clash 100 Pro Tennis Racquet,Wilson,229.95,4.,53,In Stock,https://amazon.ca/Wilson-Clash-Tour-Tennis-Racquet/dp/B07NBK4T59/ref=sr_1_100?keywords=tennis+racket&qid=1687976068&refinements=p_89%3ABabolat%7CHEAD%7CWilson%7CYONEX&rnid=7590290011&s=sports&sr=1-100
"HEAD Racket Protection Tape - Tennis Racquet Head Guard - 16' Roll, Black",Head,17.06,4.7,837,In Stock,https://amazon.ca/HEAD-Protection-Tape-Head/dp/B001MQZUGK/ref=sr_1_101?keywords=tennis+racket&qid=1687976068&refinements=p_89%3ABabolat%7CHEAD%7CWilson%7CYONEX&rnid=7590290011&s=sports&sr=1-101
Wilson Unisex-Youth Roger Federer Tennis Racket Black/Red 19,Wilson,32.95,,6,In Stock,https://amazon.ca/Wilson-Federer-Junior-Tennis-Racquet/dp/B082XK84WW/ref=sr_1_102?keywords=tennis+racket&qid=1687976068&refinements=p_89%3ABabolat%7CHEAD%7CWilson%7CYONEX&rnid=7590290011&s=sports&sr=1-102
Head Graphene 360+ Gravity Pro Tennis Racquet (2021),Head,189.0,4.7,19,,https://amazon.ca/HEAD-Gravity-Pro-Tennis-Racquet/dp/B08MMQQX9X/ref=sr_1_103?keywords=tennis+racket&qid=1687976068&refinements=p_89%3ABabolat%7CHEAD%7CWilson%7CYONEX&rnid=7590290011&s=sports&sr=1-103
"Wilson XP 1 Adult Recreational Tennis Racket - Grip Size 3 - 4 3/8"", Black",Wilson,195.67,,2,In Stock,https://amazon.ca/Wilson-Sporting-Goods-WR056210U3-Xp1/dp/B08SMNJ297/ref=sr_1_104?keywords=tennis+racket&qid=1687976068&refinements=p_89%3ABabolat%7CHEAD%7CWilson%7CYONEX&rnid=7590290011&s=sports&sr=1-104
Babolat Pure Strike 16/19 Tennis Racquet (3rd Gen) - Strung with 16g White Babolat Syn Gut at Mid-Range Tension,Babolat,289.99,4.,180,,https://amazon.ca/Babolat-Strike-16x19-Tennis-Racquet/dp/B07WH4CKDF/ref=sr_1_105?keywords=tennis+racket&qid=1687976068&refinements=p_89%3ABabolat%7CHEAD%7CWilson%7CYONEX&rnid=7590290011&s=sports&sr=1-105
"HEAD Graphene Laser Oversize Pre-Strung Tennis Racquet with Large Sweetspot and Power, Black/Blue",Head,169.59,4.7,5,In Stock,https://amazon.ca/HEAD-Graphene-Laser-Tennis-Racquet/dp/B07Z9NDK3X/ref=sr_1_106?keywords=tennis+racket&qid=1687976068&refinements=p_89%3ABabolat%7CHEAD%7CWilson%7CYONEX&rnid=7590290011&s=sports&sr=1-106
WILSON Tennis Racket Dampeners,Wilson,16.06,4.6,934,,https://amazon.ca/Wilson-Sporting-Goods-Clash-Dampeners/dp/B08SMPQVCS/ref=sr_1_107?keywords=tennis+racket&qid=1687976068&refinements=p_89%3ABabolat%7CHEAD%7CWilson%7CYONEX&rnid=7590290011&s=sports&sr=1-107
Wilson Clash 100 Pro Silver Tennis Racquet,Wilson,199.95,,5,,https://amazon.ca/Wilson-Clash-Silver-Tennis-Racquet/dp/B092KSTF9P/ref=sr_1_108?keywords=tennis+racket&qid=1687976068&refinements=p_89%3ABabolat%7CHEAD%7CWilson%7CYONEX&rnid=7590290011&s=sports&sr=1-108
Wilson Unisex-Adult PRO Staff Precision Team 100 Tennis Racket Black/White Grip 2,Wilson,64.95,4.4,37,,https://amazon.ca/Wilson-Unisex-Adult-Precision-Tennis-Racket/dp/B07Z4T1JHX/ref=sr_1_109?keywords=tennis+racket&qid=1687976068&refinements=p_89%3ABabolat%7CHEAD%7CWilson%7CYONEX&rnid=7590290011&s=sports&sr=1-109
HEAD-Pro Damp Tennis Dampener,Head,12.09,4.6,615,In Stock,https://amazon.ca/HEAD-285515-PK-Head-Pro-Damp/dp/B01AV0NF46/ref=sr_1_110?keywords=tennis+racket&qid=1687976068&refinements=p_89%3ABabolat%7CHEAD%7CWilson%7CYONEX&rnid=7590290011&s=sports&sr=1-110
Yonex VCORE Ace Tennis Racquet Strung,Yonex,109.95,4.6,21,In Stock,https://amazon.ca/Yonex-VCORE-Tennis-Racquet-Tango/dp/B08S25L158/ref=sr_1_111?keywords=tennis+racket&qid=1687976068&refinements=p_89%3ABabolat%7CHEAD%7CWilson%7CYONEX&rnid=7590290011&s=sports&sr=1-111
Babolat Pure Drive Team Tennis Racquet (10th Gen) - Strung with 16g White Babolat Syn Gut at Mid-Range Tension,Babolat,299.99,,8,,https://amazon.ca/Babolat-Pure-Drive-Team-2021/dp/B08S6Q87GS/ref=sr_1_112?keywords=tennis+racket&qid=1687976068&refinements=p_89%3ABabolat%7CHEAD%7CWilson%7CYONEX&rnid=7590290011&s=sports&sr=1-112
Babolat Evo Drive Lite Strung Tennis Racquet,Babolat,219.95,4.4,69,,https://amazon.ca/Babolat-Drive-Strung-Tennis-Racquet/dp/B08PCCY6V3/ref=sr_1_113?keywords=tennis+racket&qid=1687976068&refinements=p_89%3ABabolat%7CHEAD%7CWilson%7CYONEX&rnid=7590290011&s=sports&sr=1-113
Head Super Comp Overgrip,Head,9.99,4.4,"5,034",In Stock,https://amazon.ca/HEAD-Super-Overgrip-Black-3-Pack/dp/B000ULRRCI/ref=sr_1_114?keywords=tennis+racket&qid=1687976068&refinements=p_89%3ABabolat%7CHEAD%7CWilson%7CYONEX&rnid=7590290011&s=sports&sr=1-114
Yonex EZONE 100 Plus (7th Gen) Tennis Racquet,Yonex,362.4,,,,https://amazon.ca/Yonex-EZONE-Plus-Tennis-Racquet/dp/B0B92MTWNW/ref=sr_1_115?keywords=tennis+racket&qid=1687976068&refinements=p_89%3ABabolat%7CHEAD%7CWilson%7CYONEX&rnid=7590290011&s=sports&sr=1-115
Head Boom Team Tennis Racquet,Head,199.0,4.7,7,,https://amazon.ca/Head-Boom-Team-Tennis-Racquet/dp/B0B149Y2Q6/ref=sr_1_116?keywords=tennis+racket&qid=1687976068&refinements=p_89%3ABabolat%7CHEAD%7CWilson%7CYONEX&rnid=7590290011&s=sports&sr=1-116
Wilson Unisex-Youth Roger Federer Tennis Racket Black/Red 23,Wilson,44.95,4.,17,In Stock,https://amazon.ca/Wilson-Federer-Junior-Tennis-Racquet/dp/B082XKDB82/ref=sr_1_117?keywords=tennis+racket&qid=1687976068&refinements=p_89%3ABabolat%7CHEAD%7CWilson%7CYONEX&rnid=7590290011&s=sports&sr=1-117
Head Graphene 360+ Instinct PWR Tennis Racquet,Head,169.95,4.7,15,,https://amazon.ca/HEAD-Graphene-Instinct-Tennis-Racquet/dp/B08GQC982D/ref=sr_1_118?keywords=tennis+racket&qid=1687976068&refinements=p_89%3ABabolat%7CHEAD%7CWilson%7CYONEX&rnid=7590290011&s=sports&sr=1-118
Babolat Nadal Rafa Junior Tennis Racquets,Babolat,49.23,4.6,68,,https://amazon.ca/Babolat-Nadal-Junior-Tennis-Racquet/dp/B09B16KL9V/ref=sr_1_119?keywords=tennis+racket&qid=1687976068&refinements=p_89%3ABabolat%7CHEAD%7CWilson%7CYONEX&rnid=7590290011&s=sports&sr=1-119
HEAD 2022 IG Speed 23 Inch Tennis Racquet,Head,59.95,,9,In Stock,https://amazon.ca/HEAD-2022-Speed-Tennis-Racquet/dp/B09T71MTQ3/ref=sr_1_120?keywords=tennis+racket&qid=1687976068&refinements=p_89%3ABabolat%7CHEAD%7CWilson%7CYONEX&rnid=7590290011&s=sports&sr=1-120
